[
  {
    "code": "DRIVER001",
    "name": "محمد عبد الله",
    "phone": "1098765432",
    "vehicleNumber": "أ ب ج 1234",
    "status": "متاح",
    "currentLoad": 8,
    "efficiency": 0.92,
    "areas": [
      "القاهرة",
      "مدينة نصر",
      "المعادي"
    ],
    "totalDeliveries": 156,
    "rating": 4.8,
    "joinDate": "2024-01-15"
  },
  {
    "code": "DRIVER002",
    "name": "أحمد سعيد",
    "phone": "1187654321",
    "vehicleNumber": "د ه و 5678",
    "status": "متاح",
    "currentLoad": 12,
    "efficiency": 0.88,
    "areas": [
      "الجيزة",
      "الدقي",
      "الهرم"
    ],
    "totalDeliveries": 203,
    "rating": 4.6,
    "joinDate": "2023-08-20"
  },
  {
    "code": "DRIVER003",
    "name": "ياسر خالد",
    "phone": "1276543210",
    "vehicleNumber": "ز ح ط 9012",
    "status": "مشغول",
    "currentLoad": 15,
    "efficiency": 0.85,
    "areas": [
      "القاهرة",
      "المعادي",
      "حلوان"
    ],
    "totalDeliveries": 178,
    "rating": 4.5,
    "joinDate": "2024-03-10"
  }
]