[
  {
    "id": "INV001",
    "clientName": "أحمد محمد",
    "phone": "1234567890",
    "address": "القاهرة - مدينة نصر - شارع عباس العقاد",
    "amount": 1250.5,
    "driverCode": "DRIVER001",
    "status": "قيد التوصيل",
    "date": "2025-11-17",
    "deliveryTime": 122,
    "priority": "منخفضة",
    "notes": "",
    "area": "القاهرة",
    "delayedHours": 29,
    "createdAt": "2025-11-17 00:00:00",
    "updatedAt": "2025-11-18 05:58:57"
  },
  {
    "id": "INV002",
    "clientName": "سارة أحمد",
    "phone": "1123456789",
    "address": "الجيزة - الدقي - شارع التحرير",
    "amount": 875.25,
    "driverCode": "DRIVER002",
    "status": "مسلمة",
    "date": "2025-11-16",
    "deliveryTime": 176,
    "priority": "متوسطة",
    "notes": "",
    "area": "الجيزة",
    "delayedHours": 0,
    "createdAt": "2025-11-16 00:00:00",
    "updatedAt": "2025-11-18 05:58:57"
  },
  {
    "id": "INV003",
    "clientName": "محمود علي",
    "phone": "1012345678",
    "address": "الإسكندرية - سيدي جابر - شارع فؤاد",
    "amount": 2100.0,
    "driverCode": "DRIVER001",
    "status": "مرتجعة",
    "date": "2025-11-15",
    "deliveryTime": 136,
    "priority": "عالية",
    "notes": "",
    "area": "الإسكندرية",
    "delayedHours": 0,
    "createdAt": "2025-11-15 00:00:00",
    "updatedAt": "2025-11-18 05:58:57"
  },
  {
    "id": "INV004",
    "clientName": "فاطمة حسن",
    "phone": "1234567891",
    "address": "القاهرة - المعادي - شارع 9",
    "amount": 650.75,
    "driverCode": "DRIVER003",
    "status": "قيد التوصيل",
    "date": "2025-11-17",
    "deliveryTime": 117,
    "priority": "عالية",
    "notes": "",
    "area": "القاهرة",
    "delayedHours": 29,
    "createdAt": "2025-11-17 00:00:00",
    "updatedAt": "2025-11-18 05:58:57"
  },
  {
    "id": "INV005",
    "clientName": "خالد إبراهيم",
    "phone": "1123456790",
    "address": "الجيزة - الهرم - شارع الملك فيصل",
    "amount": 1800.5,
    "driverCode": "DRIVER002",
    "status": "مسلمة",
    "date": "2025-11-14",
    "deliveryTime": 68,
    "priority": "متوسطة",
    "notes": "",
    "area": "الجيزة",
    "delayedHours": 0,
    "createdAt": "2025-11-14 00:00:00",
    "updatedAt": "2025-11-18 05:58:57"
  }
]